channel_name,channel_id,watch_count
Linus Tech Tips,UCXuqSBlHAE6Xw-yeJA0Tunw,1120
RedLetterMedia,UCrTNhL_yO3tPTdQ5XgmmWjA,870
Legends of Avantris,UCiER8p540j2SosO7OX7E0VA,635
Game Changer Shorts,UCTcw8GqWQlFcc6ioeJQOMAQ,563
LMG Clips,UCFLFc8Lpbwt4jPtY1_Ai5yA,547
Adam Savage‚Äôs Tested,UCiDJtJKMICpb9B1qf7qjEOA,291
TechLinked,UCeeFfhMcJa1kjtfZAGskOCA,284
LegalEagle,UCpa-Zb0ZcQjTCPP1Dx_1M8Q,262
Shut Up & Sit Down,UCyRhIGDUKdIOw07Pd8pHxCw,244
QI,UCe6ye3l9WA4SdNkqgs0YeMA,234
Scott Prop and Roll,UCTyvyVpWyspz8-anuyXUreA,212
Adam Ragusea,UC9_p50tH3WmMslWRWKnM7dQ,198
Estranha Hist√≥ria,UCDjzWHhTShC59KtduL-jeig,197
eFIXX,UC4PWgTIkkv5p2shhjiXNiGg,194
ThePrimeTime,UCUyeluBRhGPCW4rPe_UvBZQ,190
Dropout,UCPDXXXJj9nax0fr0Wfc048g,179
Scott Brown Carpentry,UC_JILA9Hg517dKdMb3n2OrQ,177
Make Some Noise,UCSoJcY9wS0_L2yWOTWJWV5Q,172
Tom Scott,UCBa659QWEk1AI4Tg--mrJ2A,156
Girl With The Dogs,UCUFnGWHIQvybwmR7XDh7-9A,142
Tom Cardy,UCW7AGm8JSBEEew61dJIgl_A,141
Cortes do Estranha Hist√≥ria,UC1ZVqDtML85igEQuk2Lp0IQ,136
This Aged Great!,UC2J6g9iavgANTSKEemLFOTA,126
Dime Store Adventures,UCUMQFUkgaEE68_ujIdW2wAw,124
Marques Brownlee,UCBJycsmduvYEL83R_U4JriQ,121
World of Io - Ioverse,UCk_yrKoKi74gKCCWVRyvwYw,117
Tasting History with Max Miller,UCsaGKqPZnGp_7N80hcHySGQ,116
Aging Wheels,UC1lIHn3KlcJimyxsVugP4uw,114
MangoJelly Solutions for FreeCAD,UCUWhaOxsRk_5oPPq00_Y7Dw,114
Defunctland,UCVo63lbKHjC04KqYhwSZ_Pg,113
Mr Sunday Movies,UCkDSAQ_5-yx5hmuvUcsJL7A,102
Daily Dose of Boy Boy,UCoiAX1AIHJelPvheQhFbBgw,101
This Old House,UCUtWNBWbFL9We-cdXkiAuJA,100
History Buffs,UCggHoXaj8BQHIiPmOxezeWA,97
jimmydiresta,UCiEk4xHBbz0hZNIBBpowdYQ,97
Games Done Quick,UCI3DTtB-a3fJPjKtQ5kYHfA,95
Outstanding Screenplays,UCjdvPP6bIMctgtP4fa7XXvA,95
Mechanicallyincleyend,UCPgg9cUPr9g5dB_hb4k5cOQ,94
robinswords,UCxU9dFfIGhnTNVI0EflR1WQ,93
Tim Heidecker,UCIA8TCSZ-BaBX-aJv92tpRQ,92
Red Bull,UCblfuW_4rakIf2h6aqANefA,91
Scott Manley,UCxzC4EngIsMrPmbm6Nxvb-A,88
LockPickingLawyer,UCm9K6rby98W8JigLoZOh6FQ,86
HAUS PLANS ¬ÆÔ∏è,UCFMGCDS4rQprREJJa8f4F0Q,82
KinCony IoT,UCTHZ5imPP8e-szIByaO4Eaw,80
Mactelecom Networks,UCYAXrH-tVzs6HjDcERyOd8A,80
This Old Tony,UC5NO8MgTQKHAWXp6z8Xl7yQ,80
Johnny Johnson,UCg7Q08KKOdjSrSnXcUL00Jw,79
LastWeekTonight,UC3XTzVzaHQEd30rQbuvCtTQ,78
Andy Cooks,UCqNkn5PNeSqbQTAR5RP-L-Q,77
The Dusty Lumber Co,UCimOR5IKca6KfhT-SnBv_lg,76
Fireship,UCsBjURrPoezykLs9EqgamOA,75
TREY the Explainer,UCOuWeOkMrq84u5LY6apWQ8Q,75
Stewart Hicks,UCYAm24PkejQR2xMgJgn7xwg,73
Expleened (Storymode),UCGeIjGngCkErevSNHdZYD5Q,71
The Adam Friedland Show,UC6ext5UAbrLT2e5y5BC6RTQ,71
Adam Something,UCcvfHa-GHSOHFAjU0-Ie57A,70
Everything Smart Home,UCrVLgIniVg6jW38uVqDRIiQ,69
Valmafra Lenande,UC4GV1pS9ZY6lqNzCZFdVcog,68
AI & DevOps Toolkit,UCfz8x0lVzJpb_dgWm9kPVrw,67
Gosforth Handyman,UC8HX5CxoGOt2q1uT7uQxLOw,67
Proper DIY,UCx1m6AboILQKMNXbsLjjI4Q,67
Cortex Podcast,UCqoy014xOu7ICwgLWHd9BzQ,66
The McElroy Family,UC6k_GngLDtxbkUlZOq6_h5g,62
Extra History,UCCODtTcd5M1JavPCOr_Uydg,60
Project Farm,UC2rzsm1Qi6N1X-wuOg_p0Ng,60
Royal Armouries,UCsMX-XuiEkBi4-GDrYuniWg,60
Architectural Digest,UC0k238zFx-Z8xFH0sxCrPJg,59
Bathroom Remodeling Teacher,UCLQ4d7JPSkVaOJjWZQlv3Yg,59
ReligionForBreakfast,UCct9aR7HC79Cv2g-9oDOTLw,59
fern,UCODHrzPMGbNv67e84WDZhQQ,59
Boy Boy,UC_S45UpAYVuc0fYEcHN9BVQ,58
Everyday Home Repairs,UCw1V3VC3xAzL66X4VwqaKlg,58
AwesomeFramers,UCiDg_Mo6aJAOEnlGI4iilQw,57
colinfurze,UCp68_FLety0O-n9QU6phsgw,57
Incognito Mode,UC8Q7XEy86Q7T-3kNpNjYgwA,56
Jenna Phipps,UCejzv0MInydp0Isrza8e0tw,56
YMS,UCSc16oMxxlcJSb9SXkjwMjA,56
Kurzgesagt ‚Äì In a Nutshell,UCsXVk37bltHxD1rDPwtNM8Q,55
Smart Home Solver,UCwOBG77Tm8cE24FPxHb_abw,55
Office Hours Live with Tim Heidecker,UCtS3BcCw-tITPFYSvkbP0Bg,54
WINNI,UC1pbNAyLnP_OIaEBFBl3xaw,54
City Planner Plays,UC8WAaaW2FnctRI9coYJoUdA,53
Steve Ramsey - Woodworking for Mere Mortals,UCBB7sYb14uBtk8UqSQYc9-w,53
Wendover Productions,UC9RM-iSvTu1uPJb8X5yp3EQ,53
DRIVETRIBE,UChiwLDIBJrV5SxqdixMHmQA,52
Empoeirados,UCWV8mQ8VD4SfMfP-y8HtOEQ,52
The B1M,UC6n8I1UDTKP1IWjQMg6_TwA,52
Odyssey - Ancient History Documentaries,UCV-yCAXMS-nWrHtORuDfSuQ,51
Ordinary Things,UCxLYtICsUCWdr1YPrj5DtwA,51
habie147,UC-FHoOa_jNSZy3IFctMEq2w,51
Fireball Tool,UCVveEFTOd6khhSXXnRhxJmg,50
NileBlue,UC1D3yD4wlPMico0dss264XA,50
PictureFit,UCadiU6WTKl65HUwEih1XLYg,50
Artpentry,UC3P73nMHxyHhbAKQe5efkyw,49
Last Best Tool,UCHNpKgI1cL3U8ndp9HJ8t2Q,49
Morphologis,UCiPdjrLoUsyJh3XS7Aw7rzg,49
James Hoffmann,UCMb0O2CdPBNi-QqPk5T3gsQ,48
Modustrial Maker,UC9aRTgvFLqnK1S0RsWZzlMw,48
Silver Cymbal,UC67dKTEwpAhKv2oYDATwR8g,47
Blacktail Studio,UC6I0KzAD7uFTL1qzxyunkvA,46
NileRed,UCFhXFikryT4aFcLkLw2LBLA,45
RR Buildings,UCWXEQsK3UiHszjwgGN5HUeQ,45
WVFRM Podcast,UCEcrRXW3oEYfUctetZTAWLw,45
Home Repair Tutor,UCP2vaEZS8MvZrFklwBtW1GA,44
Internet Shaquille,UCSuT9FSddzI6W5Bij9XwtmA,44
Crafted Workshop,UC-hTi9atsD6wAl2s46LpAVw,43
GreatScott!,UC6mIxFTvXkWQVEHPsEdflzQ,43
Zac Builds,UCqxM9T6ksiOVKIkb88S2r7Q,43
Cameron Gray,UCNSfV3L4jv7Kx22lxo0Sv-g,42
Weld.com,UCM0kHJXSHR1k1wtLuliKmHg,42
Storied,UCO6nDCimkF79NZRRb8YiDcA,41
Technology Connections,UCy0tKL1T7wFoYcxCe0xjN6Q,41
History Hit,UCZwU2G-KVl-P-O-B35chZOQ,40
Michael Alm (ALM FAB),UCFPi0bIn4Bc3Vkd9T-dKuzw,40
WorkshopAddict,UCbtA3P0ji7FsvxDzyxmd-0Q,40
Crosstalk Solutions,UCVS6ejD9NLZvjsvhcbiDzjw,39
Marius Hornberger,UCn7lavsPdVGV0qmEEBT6NyA,39
The Local Project,UCgxg48_pay4R67s-7WOgWFA,39
chris biscardi,UCiSIL42pQRpc-8JNiYDFyzQ,39
Jauwn,UC-nIhxjNqjcm8EmpPWBg3wA,38
Joshua Weissman,UChBEbMKI1eCcejTtmI32UEw,38
RABISCO,UC8oC-qECVjWSx9mrTdRj30w,38
brian david gilbert,UCakAg8hC_RFJm4RI3DlD7SA,38
GingerPale,UCGGTAB19HlHEWPwwmxHsEKA,37
Nextlander,UCO0gHyqLNeIrCAjwlO2BmiA,37
Family Handyman,UCyFmmBgEIeZKthkgA9UwvJQ,36
"Sao Paulo Nas Alturas , por Raul Juste Lores",UCK4AOYSWvdrgtKDEDDB6mMA,36
Snazzy Labs,UCO2x-p9gg9TLKneXlibGR7w,36
The Tim Traveller,UC2LVhJH_9cT2XKp0VAfsKOQ,36
Tool Show,UCcPuAb6RtYsoJYdZyc4jrVQ,36
CGP Grey,UC2C_jShtL725hvbm1arSV9w,35
Charlie DIYte (CharlieDIYte),UC7x7wk8yeN2ZEJCo6BgP2ag,35
Matthew Cremona,UCDpL0v-Ifie7u05lbfO3zJQ,35
STRANGE √ÜONS,UCrq3JYirgV-BLluzTF6X_7A,35
Captain Disillusion,UCEOXxzW2vU0P-0THehuIIeg,34
Coffeezilla,UCFQMnBA3CS502aghlcr0_aw,34
Epicurious,UCcjhYlL1WRBjKaJsMH_h7Lg,34
Ethan Chlebowski,UCDq5v10l4wkV5-ZBIJJFbzQ,34
MR Post Frame,UCcFBzgxY4iB7-vrSywJNtfQ,34
Internet Historian,UCR1D15p_vdP3HkrH8wgjQRw,33
OneShortEye,UC2P1bJ-udK3UhVX2QvnkS9g,33
PhaestusFox,UCkxpEykG5rUxMP-mcP4519Q,33
Poseidon Entertainment,UCG0g-AeZntvsNzkDonjdFPA,33
Sabrina & Andrew,UCbVyHAeyXTIsWi1ue0kWF9g,33
UpIsNotJump,UCFLwN7vRu8M057qJF8TsBaA,33
Ashley Neal,UC_QdDflGx1D8Jh9mvQ7D8uQ,32
Badger Workshop,UCSQRZgy9lvGsLrWn6sFHZHw,32
Concrete Floor Solutions Inc.,UC75V9x5nSOyxL51pKG7P8TA,32
Folding Ideas,UCyNtlmLB73-7gtlBz00XOQQ,32
Vsauce,UC6nSFpj9HTCZ5t-N3Rm3-HA,32
weldingtipsandtricks,UCqq70AnPkj4-UApS_m_6mPw,32
LEMMiNO,UCRcgy6GzDeccI7dkbbBna3Q,31
Randy Feltface,UClUVQJQL-yGKYiceiJpNg2Q,31
TV Quase,UC033rpv7OKk-QYfrvwl5s8Q,31
Acid Marxist,UCqU_vPg5x9rULpjxunpW-vg,30
Goal Guys,UC6MXE0Px3m1aI4vI0pLWzQg,30
How To Cook That,UCsP7Bpw36J666Fct5M8u-ZA,30
Juninho Carpinteiro,UCqc2MuNTkOTTBDMeBgbVH2A,30
Let's Talk Religion,UC9dRb4fbJQIbQ3KHJZF_z0g,30
Living Ironically in Europe,UC8SNsIS6XZ6WaEeEPCSVaQg,30
NS Builders,UCIo1gaS5cLsCtgaCLhi08cg,30
No Pun Included,UCtU-oQXFKUMFvhunPrx7U-w,30
Not Just Bikes,UC0intLFzLaudFG-xAvUEO-A,30
SUMIG TV,UC7IWsv0JYZdqpYkr-mFh9tw,30
April Wilkerson,UC4v2tQ8GqP0RbmAzhp4IFkQ,29
Auto Focus,UC2J-0g_nxlwcD9JBK1eTleQ,29
Belinda Carr,UC_NzYRcT5IroUsMU2472ViQ,29
Buy Manufacturers Direct,UCdQBR5xZwdTjrOF_H8OgJow,29
Chris Young,UCvVsD2hFZRgKNH7x5Q1wwug,29
Inheritance Machining,UCVI8Mfisni3GaobL1e2JOIQ,29
Nerd of the Rings,UCW0gH2G-cMKAEjEkI4YhnPA,29
Platinum WoW,UCTqUnnRlK-n44W6xPlx6JVQ,29
Stuff Made Here,UCj1VqrHhDte54oLgPG4xpuQ,29
dprojects.woodworking,UCDaABD-__ESAfflopSqZ0ng,29
Black Hills Woodworking,UCG6E3RTykXxX08XiIGJo8UA,28
ByteByteGo,UCZgt6AzoyjslHTC9dz0UoTw,28
Home Performance,UCI2VDyfqdsttBE0X3c-ArXg,28
Letters Live,UC4VK4LX8hbTjgdAipl0cHhw,28
NeetCode,UC_mYaQAE6-71rjSN6CeCA-g,28
That Fix It Guy,UCPP-EQUUDq_M_AuLrEH8LTQ,28
3x3Custom - Tamar,UC39z4_U8Kls0llAij3RRZAQ,27
BPS.space,UCILl8ozWuxnFYXIe2svjHhg,27
ELETRICITY - O CANAL DA EL√âTRICA,UCszLDAYCEom-dwxsOsqVe6Q,27
Home Automation Guy,UC67SMH0qLMJ4b4Guud0mKjw,27
Idea Pavimenti,UCaKVfmPz8N0LQpJWVZ3PZpA,27
Joko Engineeringhelp,UC-CubOaooNwC-3RBKUoAOQQ,27
Way of the Wrench,UC_CYagWyu4MVwAfUDWWaP2w,27
Workshop Companion,UCk480B1pofOjThMfkBjhDpQ,27
Andrew Klein,UCYJ6JJ7Q938Fls5He8zYRFA,26
David Malawey,UCwirLDXiN1ybgPyIDNt85PA,26
Got2Learn,UCtxLpSnpxNiHAchvCX-4Dsg,26
Mosevic,UClqCcLlJ2TSLH97N-Yz8k5g,26
Mustard,UC1ZBQ-F-yktYD4m5AzM6pww,26
RyanImelDM,UCYLHbk94s4Jx_RGNvdQNy-g,26
The Hook Up,UC2gyzKcHbYfqoXA5xbyGXtQ,26
Actualol,UCO-hn9MJOu7pOUdGSabKGvA,25
Before You Play,UC3z8YEKBEjSPRb6L2RJPWUg,25
Jacob Geller,UCeTfBygNb1TahcNpZyELO8g,25
Kreg Tool,UC387Fhb3ijvVJNOcfg8ODWg,25
Lincoln St. Woodworks,UCqal-8AqDFpsYwZwxs4TaHg,25
Luke Humphris,UCinZmImNtqwxqgPAFlolYIQ,25
Mike Boyd,UCIRiWCPZoUyZDbydIqitHtQ,25
People Make Games,UCZB6V9fUov0Mx_us3MWWILg,25
Peter Millard,UC_FksrzP3q-IuoWTiG501LQ,25
Scott Walsh,UC7m1gtF6RCi3N3re94WQKHg,25
Sean Nalewanyj,UCGXRegKvroyGv8HbN35AjKA,25
neo,UCtYKe7-XbaDjpUwcU5x0bLg,25
Adorea Olomouc,UCpKmU3wa3d05ZIUAC7ZXnCQ,24
Alan Fisher,UC-LM91jkqJdWFvm9B5G-w7Q,24
Lift Arc Studios,UCwy7UwW7hz5c2rp8W2rkMUA,24
Schizug,UCQZpi64c0LjSovS6ODHCALw,24
hbomberguy,UClt01z1wHHT7c5lKcU8pxRQ,24
toldinstone,UCqBiWcuTF8IaLH7wBqnihsQ,24
Atun-Shei Films,UC0_CTubjGeDth7X0bxUTBTA,23
Computerphile,UC9-y-6csu5WGm29I7JiwpnA,23
Fixit Fingers,UCD1ERUTybbeOWs469KbHW5g,23
My Two Pence,UC2Hy92d-OZihM90BT7Z4ABg,23
Plastering For Beginners,UCRpIREeZ4UcofivLkgvEBLw,23
Climate Town,UCuVLG9pThvBABcYCm7pkNkA,22
Garage Gym Reviews,UCV_zy48AlwwGpdJEka1ay7w,22
Good Time Society,UCBRTbbK-avyRJSSJ2GyHs_w,22
KRAZAM,UCgBVkKoOAr3ajSdFFLp13_A,22
Little Chinese Everywhere,UC1UNB6Gy11umcbEj_hqIwhw,22
Maggie Mae Fish,UChBD4NpITiW2CzIz5GwppDA,22
Medlife Crisis,UCgRBRE1DUP2w7HTH9j_L4OQ,22
Monstergarden,UCZdrTo_md37z3iogKYrVgCw,22
Practical Engineering,UCMOqf8ab-42UUQIdVoKwjlQ,22
Time Team Classics,UCvmEISc6e4tLwn8TyS14ncw,22
Justin Garrison,UCCOfb0euSR3nlKMMX9xZBEw,21
Pask Makes,UCNyGbxoEo6CQvaRVEvItxkA,21
Paul Sellers,UCc3EpWncNq5QL0QhwUNQb7w,21
RLM Highlights,UCd5e5iX6EKpnS8UEJbCtt6g,21
Stud Pack,UCjG94SagJZoyPggcBhUdFCA,21
Thomas Flight,UCUyvQV2JsICeLZP4c_h40kA,21
BoardGameCo,UCUKEGjiSoFnemBsCLKrdeJA,20
Christian Lempa,UCZNhwA1B5YqiY1nLzmM0ZRg,20
Hand Tool Rescue,UCasG9kJWi1eVxM0QkyqKVJQ,20
History for GRANITE,UCDWboBDVnIsGdYSK3KUO0hQ,20
Hoog,UCii9ezsUa_mBiSdw0PtSOaw,20
Insider Carpentry - Spencer Lewis,UCzqh_8hImIc9fhvUu0oVC8w,20
Mythology & Fiction Explained,UCH4Bz5Swatl5iHSuCT_Hlxg,20
Newton Makes,UCC6IoQwiGlJ4K8TdcSMUzSg,20
PolyMatter,UCgNg3vwj3xt7QOrcIDaHdFg,20
Stefan Milo,UCZ9jWH_8tJ-Nmaj8dSQdEYA,20
ZachTheBold,UCZXeRF4LiG4edJ72M1EKquw,20
oaaQIworld,UC3F60Pt6dx6UnFHXwhAUkSg,20
DIY Montreal,UCCvA0z4c_gJnlbCzvGtTX5w,19
Foureyes Furniture,UC1V-DYqsaj764uBis9-UDug,19
Jay Foreman,UCbbQalJ4OaC0oQ0AqRaOJ9g,19
Shaun,UCJ6o36XL0CpYb6U5dNBiXHQ,19
Spectacles,UCgQ7Amr6fvCJyVlCwEi1bLw,19
Brian Oltrogge,UCOywIdppbhn6hkgcEtDMatg,18
Hardware Haven,UCgdTVe88YVSrOZ9qKumhULQ,18
Logic Projects,UC7v3YEDa603x_84PgCPytzA,18
Training Hands Academy,UCELo4EJTWb-5vC-GBBTa1uA,18
Bent's Woodworking,UCiQO4At218jezfjPqDzn1CQ,17
Bosnian Ape Society,UCwkDQ8tE_3UhB8LcnvUv0Fw,17
Brazilian Vision,UCa3bwNwCvtpomb0-usHj7Nw,17
Calum,UCR_i-r3a0vnlUJxEN4_5l3g,17
ESA Speedrunning,UC3Oe-jfrIqEGygxYBYyN6jQ,17
Electric Pro Academy,UCEi84kmtGymUAjhVK6fxOzQ,17
Imperial War Museums,UC3uAjWoLZ4bSi6qI9SjALxA,17
Index,UCYMhbVXT7RZ1YxzyYWRaK8Q,17
Leadwork SW,UCNeOhHJ5z_lLMWGfGmuc-Qw,17
Natural Polishing Concrete,UCFSjOATiwosAojOOySIwOOA,17
Next Level Carpentry,UCXRNHTVpEdhz9BIvomETGiQ,17
Noclip,UC0fDG3byEcMtbOqPMymDNbw,17
Under Dunn,UCMABHak-OpZbC7k3HT2P5yQ,17
reubs,UCpsN2TfWGmun4peN2IPgcKg,17
Andreas Spiess,UCu7_D0o48KbfhpEohoP7YSQ,16
BeardedTinker,UCuqokNoK8ZFNQdXxvlE129g,16
Campbell Built,UC-V3dBFTEE8GGsPgQnOfBYA,16
DamiLee,UCJ_2hNMxOzNjviJBiLWHMqg,16
Davey Struggle,UCKnGI1rKPOu_IFnVHWvSXrQ,16
Dungeon Dad,UCLtPX8KiXi_hyMNTFxlHNAQ,16
Fix This House,UCjhwaa5Ufj-l_5JGFwfp98Q,16
Horses,UCrx2zrPjhGRi9TwszZiLwEg,16
Jonathan Katz-Moses,UCXBNF-A7QlYT3tT-B9N4ElA,16
Like Stories of Old,UCs7nPQIEba0T3tGOWWsZpJQ,16
Oh The Urbanity!,UCN5CBM1NkqDYAHgS-AbgGHA,16
TerminalMontage,UCLFXk9J3O-hhOk0msOjKYdQ,16
The Swedish Maker,UCyOAVCziqjvJcFO16yDqezQ,16
This Guy Edits,UCcPuBEAwuF6XWXkcXJXJwsg,16
TileCoach,UCIYngkTOI-3hpgQAQM2-xhw,16
Waterline Stories,UCU4MrOmalNBJHAK69q6ue9w,16
Wyrmwood Furniture,UCFwTHwc0yA8Dev2Sf7Y5laA,16
diazconstruccion,UCcdVkYKe51r1bON48vEcHOg,16
hyper,UCSezUnbvCLYBXuUlPcXU_QQ,16
Í≤ÄÏùÄÎ≥Ñ Í≥µÏûëÏÜå B-Star Crafts,UCe3WAJnByFbaJ78TcFDe2cg,16
2 Much ColinFurze,UCdmcAwbdiXQWs9d4Qd4KzDw,15
Astrum,UC-9b7aDP6ZN0coj9-xFnrtw,15
BobbyBroccoli,UCSPLhwvj0gBufjDRzSQb3GQ,15
Curious Archive,UCweDKPSF65wRw5VHFUJYiow,15
Fredrik Knudsen,UCbWcXB0PoqOsAvAdfzWMf0w,15
Hats Off Entertainment,UCCay-jgoQFnEFsJ8GD6fjzQ,15
Hooked On Wood,UCuvjeMfKGqSoYc32Xk5MLfQ,15
Power Pak,UC4EFgGdLCsUKXO4LzMfypMA,15
Primal Space,UClZbmi9JzfnB2CEb0fG8iew,15
Techmoan,UC5I2hjZYiW9gZPVkvzM8_Cw,15
The DIY Guy,UCbJ8oD5Gmh6CKv0GPpXpK8w,15
The Gregory Brothers,UCa0K1lPC72HHkU2hrwtTsYQ,15
ToolsToday,UCkUNA_ociQ8aFXAYWZ4d7ug,15
socdoneleft,UC0n24lonL5RMpzmCiCzIkIw,15
two dollars twenty,UCIn2KNbbwCbmDkGSJ_lO1Hg,15
Andrew Eylander,UCjuWzCdkSk3uMnfcpR1pntQ,14
Blondihacks,UC7Jf7t6BL4e74O53dL6arSw,14
CGY,UCyHySdvtQWIJzZ8H-UcC-pg,14
CinemaTyler,UC7GV-3hrA9kDKrren0QMKMg,14
Electric Ranch,UCqZXCbgISQBCvmJKDBT4J7A,14
Ferramentando,UCXgt0oYIshii2GzpgdHAz6Q,14
Game Developers Conference,UC0JB7TSe49lg56u6qH8y_MQ,14
Inspire Woodcraft,UCnWK_xB1w1G6KMfgYnx-Uxw,14
Stolz3D | CAD Academy,UCRDrMY8iM4FsFjYJcwhygZA,14
Work From Hype,UCcCYTCDxsMl84_btikjY40Q,14
Benn Jordan,UCshObcm-nLhbu8MY50EZ5Ng,13
Bricks And Disorder,UCSwe6GQYEyG7Oxnb2nqawFg,13
ChessNetwork,UCCDOQrpqLqKVcTCKzqarxLg,13
John McGrath (Man In Shed),UC0NBDEd4nECrlJnUEaJisEQ,13
Jon Peters - Longview Woodworking,UCOUFSlpGiL9I3jPbt0vcI0A,13
NEVER TOO SMALL,UC_zQ777U6YTyatP3P1wi3xw,13
Patrick (H) Willems,UCF1fG3gT44nGTPU2sVLoFWg,13
Raphael Bertazi,UCXa1KaZMI619ENvdwlNuLIQ,13
Strange Parts,UCO8DQrSp5yEP937qNqTooOw,13
What Next?,UCLw8Z2SQXD_v07gei77mQiA,13
Woodpeckers,UC9cdRCrOC5837lKfbLszLsg,13
optimum,UCRYOj4DmyxhBVrdvbsUwmAA,13
Artisan Makes,UC7aAyIrjeH2RKciAXzdOaJA,12
Broey Deschanel,UCl8W0iKeGjXnGYwOxV8BUOg,12
Epic Homesteading,UCgfsZHnW6-6uMLmOGu824kQ,12
FLATLANDER TECH,UCHYGnQ4Si91aaVXvqE7d2Lg,12
IMPERIAL,UCczAxLCL79gHXKYaEc9k-ZQ,12
Jackman Works,UCaI4Tib6te88f_P9r8w5Tmw,12
Josh Wright,UCNNxgIF30wtKlpjHE3ajefg,12
Julian de Medeiros,UCqAmGGq-Sabud-oyWjvawLA,12
Level1Techs,UC4w1YQAJMWOz4qtxinq55LQ,12
Low Level,UC6biysICWOJ-C3P4Tyeggzg,12
Maker's Muse,UCxQbYGpbdrh-b2ND-AfIybg,12
Max Maker,UCSF0lr-54mpTiCjWli1Ty1A,12
Not An Engineer,UCXh9mHdcBD-3aGCiECZMP1Q,12
Novaspirit Tech,UCrjKdwxaQMSV_NDywgKXVmw,12
PBS Eons,UCzR-rom72PHN9Zg7RML9EbA,12
Paul Peck DrywallTube,UCXT0tFph4mtl0g24akR984A,12
Sarah Z,UCK-GxvzttTnNhq3JPYpXhqg,12
ServeTheHome,UCv6J_jJa8GJqFwQNgNrMuww,12
Simone Giertz,UC3KEoMzNz8eYnwBC34RaKCQ,12
Smart Home Junkie,UCVtQ4AOSmCFUuvixddYiSxw,12
The Armchair Historian,UCeUJFQ0D9qs6aVNyUt9fkeQ,12
Wolfgang's Channel,UCsnGwSIHyoYN0kiINAGUKxg,12
All3 Powered by ICF Guru!,UC8Cx52dyVAzYUPM_5wrQ7Tg,11
Baumgartner Restoration,UCvZe6ZCbF9xgbbbdkiodPKQ,11
Fireball 2ool,UCKIJOqFlZHM3Bx7cA7_EVgg,11
HOWEESMACHINESHOP,UCX-ik9cEA4Pkl7aqLJubZbA,11
James Acaster,UC-UZ_hCLhWxbpGMMbRxag4w,11
Jeremy Chone,UCiT_r1GD7JSftnbViKHcOtQ,11
Joe Pie,UCpp6lgdc_XO_FZYJppaFa5w,11
Jonny Builds,UCDzK3jmM3C-ExPrKmHAh_8A,11
MH Anything,UCssfmol6PX3O8vx9YePy3bQ,11
Machine Thinking,UCfsznjef2zGJnrCRQBXqo6Q,11
Mina Le,UCoOss5XiPpnLHGmLrBvNkJg,11
Rockler Woodworking and Hardware,UCQskSBnZDt7yLHc7ZdS5Fpw,11
Slater Young,UCbwa4A6i0elG4WZGY7HRnKw,11
Spencley Design Co.,UC4Xarmlw0RJ573ZgJO2b5GA,11
TCI Productions,UCV6FcPIaVDg4DSs208bpwbw,11
The Intel Report,UC7Ay_bxnYWSS9ZDPpqAE1RQ,11
ponysmasher,UCp1DqwNVcFrft1wuPXM9rFQ,11
ÎßùÏπò ÏÜåÎ¶¨Hammer sound,UCobxQAMX92VPye9d1FNC3vA,11
Alexandre Chappel,UCe1Aj6VEO299Yq4WkXdoD3Q,10
BrazilWelds - O canal da Soldagem,UC5oj4Zve5yUUAwDdv3vW7nQ,10
Christian Dunker,UCF6VjYfikYP2vfUx3c6GvVw,10
Comedy Without Errors,UCBtWQTdJwOwC1YJPyCeugIg,10
DIY Creators,UChKlSK39lLg8eZHIX0iVzLA,10
Darbin Orvar,UCIrtu3uSwehD0pfmfMsHhUA,10
Flow High Performance,UCSiKFGDpfCICQDfmxxjDvsg,10
Gate City Foundation Drainage,UCQYkF1jMHlIGxvfQMbfayHw,10
George Browning,UC3rcRUhcr9X04M2HyGsAuQg,10
Great Art Explained,UCePDFpCr78_qmVtpoB1Axaw,10
Guaranteed* Video,UCiEIPf5hmqFlmCzMNchvLyA,10
Jenny Nicholson,UC7-E5xhZBZdW-8d7V80mzfg,10
Kings and Generals,UCMmaBzfCCwZ2KqaBJjkj0fw,10
Lars Klint,UC0ZMdveqTEcXBukgR4O45EQ,10
Make Something,UCtaykeSsGhtn2o2BsPm-rsw,10
Not Exactly Normal,UCxM_HSd0knTh15jnh_-8Gxw,10
Oki's Weird Stories,UCjDQKxiTVpXutZc2Ra9wCAg,10
Ruhi √áenet,UCWpk9PSGHoJW1hZT4egxTNQ,10
Scott Yu-Jan,UCAbAsEZ-0LccTNbl8r-3EaQ,10
Shop Nation,UCMomXi6WrkGvJ9ysZ-EeVAA,10
Streetcraft Shorts,UCeFHROgw1qpT_gbtO1IiFBw,10
Wesley Treat,UCW8-pJyPdYAdubad1veFB3A,10
anshare,UCBLPvt2SdQPRu8fwuELFHuw,10
cam shand,UCMPtzN8fnhHLpihCT1QvFZw,10
kovray,UCLbRXHAB_xuBr-fqXRRBSUA,10
mmplumber,UC9NW50adEt05VTenGlNANig,10
Ben Eater,UCS0N5baNlQWJCUrhCEo8WlA,9
Bob Gymlan,UCVJLEQ0AoKBwD0I_IzSO5wg,9
BrainCraft,UCt_t6FwNsqr3WWoL6dFqG9w,9
Chessfactor,UCgRUc4wyyMCnULY_XWPYXmA,9
Deltahedra,UC_C4cvvObxHSAX-mEGjtP2w,9
Dr. D-Flo,UCJ10renzLSd4cJEn-C2e_Tw,9
Histoire d'une Flamme,UC7dqM4u_H72KX_FHsK5vsoQ,9
How To Home,UCpb-xu6Oun_d41RjztUgFWA,9
Jeremy Fielding,UC_SLthyNX_ivd-dmsFgmJVg,9
Lance Hedrick,UCR2_8uHyWcTSV6iIw6BN4rg,9
Madeon,UCqMDNf3Pn5L7pcNkuSEeO3w,9
Martin Chavarria,UCQ3diy86ihrsNmfcV6WSEBA,9
Paul E.T.,UC6me-RzbQFQ-kRyr6BlGZWg,9
Physics Girl,UC7DdEm33SyaTDtWYGO2CwdA,9
T4rget,UCLJOKofvdWYz3dVEsRXdMZA,9
The Cherno,UCQ-W1KE9EYfdxhL6S4twUNw,9
Tom Stanton,UC67gfx2Fg7K2NSHqoENVgwA,9
WOOD magazine,UCa5tzns9weqgEZn5r3kwTww,9
Welch Labs,UConVfxXodg78Tzh5nNu85Ew,9
Woodshop Junkies,UCzHueSosfT92NUVmhrz7Hjw,9
YourLifeIsWhatYouMakeIt,UCGlM4iW1xy2MCb9_5qFZu3Q,9
bycloud,UCgfe2ooZD3VJPB6aJAnuQng,9
dk builds,UCo5NLbFTwavqrGVWSlMfxfA,9
jdh,UCUzQJ3JBuQ9w-po4TXRJHiA,9
quite1nteresting,UC3hRc3XHLgJsQW4zURStAVA,9
Alan Fisher Extras,UC3VLdvwf4NKDkCYAiB0NAhw,8
Alastair Johnson - Freebird,UCeYXWJ_tpZNgTNxP7HDZfIw,8
Ardan Labs,UCCgGRKeRM1b0LTDqqb4NqjA,8
BamaBass,UC8ha6SsRNvDGkwcPTCXkW3g,8
Bengawalk,UCbvVOWH5kxQ_EG5LDzsbTMQ,8
Carl Holmgren,UCGkk_REKzT71XxspxQxuA7A,8
Carpentak,UCGVDEqMkTCOVTVan1vH8dTQ,8
City Beautiful,UCGc8ZVCsrR3dAuhvUbkbToQ,8
Clickspring,UCworsKCR-Sx6R6-BnIjS2MA,8
Data Slayer,UCiO0K2xt5irIN6x13FNzYTg,8
Design Craft Workshop,UCt2NNxwBzrorfq-8rHg1DxA,8
Electric Classic Cars,UCq1Oqk1I7zeYlDiJTFWLoFA,8
Epic Gardening,UCSbyncU597LMwb3HhnAI_4w,8
Full Motion Videos,UC4qIM6W3awgiHANsIrD2D_w,8
IGotAnOffer: Engineering,UCWlbj3trSoIU3SHrJCSiAuA,8
Italia Squisita,UCETyhmgxupv93Ix4VnIiQJQ,8
JP FIRE AND SECURITY SYSTEMS LTD (WIGAN),UCHR8Rxl5J7rbuL618Xa9XEQ,8
James Lee (Animation),UC3XI0MtMTgqauxFS3Umi5Eg,8
Joe Barnard,UCDEp6nC_wyXG92akCbe6hbg,8
Just Write,UCx0L2ZdYfiq-tsAXb8IXpQg,8
Loft01,UCF8zsWvRQ-ATa6TfRNWH7QA,8
Lucia's Workshop,UCY47liNGQt11VblzGrQZWmQ,8
Making Stuff,UCYdkEm-NjhS8TmLVt_qZy9g,8
Roetz 4.0,UCRPUV6ArQ7AuQtK4123wNCw,8
Scott Turner,UCAVSzq_Tk0B-9uTKzIpkBqg,8
SiwuPlan,UCKdAAMnVR9-ih2Ovx8jODFg,8
The British Museum,UCvpQ-l09fCVxJd3urZbxzHg,8
The Tall Carpenter,UCTjqk1tVFN2pFaGiIwy16cQ,8
Time Team Official,UCDvcavTI2xgfXZdF9MaPKIQ,8
Tomorrow's Build,UCN3aYbtQ7yCqk9DM56B0kEw,8
Vimjoyer,UC_zBdZ0_H_jn41FDRG7q4Tw,8
We're In Hell,UCbbsW7_Esx8QZ8PgJ13pGxw,8
Well Done Tips,UCJF8RIGIyirxgDnHgQfKcLg,8
WriteTheDocsAus,UCPhWNEFb53x6PjnpRIYf1yg,8
ah! - The Alan Hurley,UC-vRJvSxL1G7y8dUqw1N8uQ,8
big boss,UCYGDiVemmhY_Q1M-hKp4fvw,8
bill wurtz,UCq6aw03lNILzV96UvEAASfQ,8
xkcd's What If?,UC6IxnFzHofFJ5X2PycSMsww,8
6061. com,UCcuMSDG2svjR7BncF841GJg,7
Abom79,UCw3UZn1tcVe7pH3R6C3Gcng,7
Andrew Thron Improvements,UC8v_4LkljBkasuTNSbgdCFw,7
Boring History,UCeXc8F3YYU_sRrqJDOg5XBQ,7
Claire Saffitz x Dessert Person,UCvw6Y1kr_8bp6B5m1dqNyiw,7
Daniel Hibbert Lawn Expert,UC70TEYEnMfl_GK6wh5I0_Ww,7
Elevated Systems,UC9rU_5YnMDUPc0IP8NwZOig,7
Eric Meyer - Maker,UC1AuLysYmlH863BQ7na6fjg,7
Every Frame a Painting,UCjFqcJQXGZ6T6sxyFB-5i6A,7
GalooGameLady,UCzP9Sqh9C1rGgrEtLwMS14A,7
Game Maker's Toolkit,UCqJ-Xo29CKyLTjn6z2XwYAw,7
Hamilton Dilbeck,UCsga4ThrENksdN7RghkPJow,7
Innuendo Studios,UC5fdssPqmmGhkhsJi4VcckA,7
James Bruton,UCUbDcUPed50Y_7KmfCXKohA,7
Ladyknightthebrave,UC7pBv8EE3FtDZEF3HtnbFjA,7
Leviathan,UCgzWiRT3thPJBu-veBa0y3A,7
Lindsay Ellis,UCG1h-Wqjtwz7uUANw6gazRw,7
Make With Miles,UCQJQB-ij7HNYKCyNdi0Y--Q,7
Na Lupa Design,UC5tr35Gr-66sNxv_qoDFVKQ,7
Out of the Woodwork,UC3_TCdHJIihi7FY6S3SKyOg,7
Paoson Woodworking,UC4PI8VEr1ZaKn4TBcXoy3qg,7
Philip Thompson,UCL5rT0UDW0HzGqKwNiN2XxQ,7
Rafael Pedreiro üë∑,UCfDroFZ_f_CYmeahb_piaIQ,7
RobNotes,UC943yeRcrglC4rKBZK7BsEg,7
Robert Skinner,UCvPSeOueRUZzyFpOJmUZYXA,7
Ruth Amos,UCILxUTaFaGSg-iEx0UrMMzQ,7
Secret Policeman,UCiHwAcss7E-6t_InkCmSZHg,7
Slightly Sociable,UCgmI-uiLLAg--vDe7FFdekA,7
Talks at Google,UCbmNph6atAoGfqLoCL_duAg,7
The Histocrat,UCSwFnHpDt-lZgR_7Sqisi6A,7
The Modern House,UCNZ1H42l5IzQFvIIJZYC08w,7
The Vintage Space,UCw95T_TgbGHhTml4xZ9yIqg,7
TheBackyardScientist,UC06E4Y_-ybJgBUMtXx8uNNw,7
Timbecon,UCdCvarlEXdr16XPre4LfZPA,7
Tyler Bell,UCL0FT83RjTWCmc6n9lLojmQ,7
Via Trolebus,UCLfiKy6OoSRnHM82zbJrNow,7
Yes it's funny,UCklLTAOBRj4DdxTazOzP_lA,7
Yuval Noah Harari,UC2m77KGMIKZCD0Kw35-4shQ,7
exurb1a,UCimiUgDLbi6P17BdaCZpVbg,7
ÍπÄÌåÄÏû• ÌÅ¨ÎûòÌîÑÌä∏Dekay's Crafts,UCYVugiFOe-aoh7FXtAuiGxw,7
A Mere Creator,UCnFxFSv7_31uPDqaxtghyaQ,6
Aaed Musa,UCX981hh-RI_L1QOwV08osNA,6
Andrew Lam,UCYIzu7SOyUyDPwMgUSspRYw,6
BPS.shorts,UCDdHf1PUIfLi5x4nXzhbJrA,6
Black Forest Wood Co.,UCkg0BrmOdylTiC9kcaj6bbQ,6
Carl Bugeja,UCdxTCCRnQgfi2vr2fZupYIQ,6
Chemteacherphil,UCBVY4zJr4qTXdPlMus1VxqA,6
Cody'sLab,UCu6mSoMNzHQiBIOCkHUa2Aw,6
Concrete Network,UCVp3ROnbthCjs7dvRPkNGWA,6
DEWALT Brasil,UCJjvCdzSF8V7MomJAp0cJ5A,6
DM of the Mists,UCKmQRAQPoP1CDBO5rLESnfw,6
"DarkAero, Inc",UCPUZCBNrduwUsw_MTW-sDxw,6
Drywall Nation,UC2jhD2nIAIPUXtShvd6rkBQ,6
Dungeon Masterpiece,UC5l5MjE1H1NP7Gh6VOZNfsQ,6
Fisher's Shop,UCKo6LouIp-TQ1PqxbWNNyAA,6
Freestyle Tri Swim Club,UCuGDFWkTfq0B649Y1YCCvMQ,6
Helpful Vancouver Vet,UCtEnS6HGyK1oe71sxbJuhcw,6
Jacques,UCtLGtHHHkr_UBuRcp9pDiYw,6
Joshua De Lisle,UC-5at4izid5vmBmbMd0RylQ,6
KI Hestad,UChdDmjWnjamspn-SvsctpOw,6
Keith Johnson Woodworking,UCb60k9TqVgUxi0uL2IATxXA,6
Neil Cicierega,UCDrJor35jYVnuC3JgRzheIw,6
New Yorkshire Workshop,UCWRgjGPIutM9r91dihIyl5Q,6
Pedulla Studio,UCY-TqIvCTgI2Rxcb7g4AtOg,6
Ray Delahanty | CityNerd,UCfgtNfWCtsLKutY-BHzIb9Q,6
Rhystic Studies,UC8e0Sg8TmRRFJytjEGhmVTg,6
Ryan Hawkins,UCpfXDSws68HTp4ADn44-iug,6
Sam Meech-Ward,UC6aTLuI_j4-0wiDSzmaPctQ,6
Sawyer Design,UClHbbcGtRkHMLwUwrn7eErQ,6
Soup Emporium,UC60sV1b2e_EQRDnueRxgiIQ,6
Sunday Nobody,UC7GWNJYHngCPxdnphU8b4lg,6
The National Gallery,UCrPOgNsUldOtQsTf9Kjlm_A,6
Toyful Games,UCNcGCm0W6YR8QqtEyV8L6aw,6
Watt,UCC9Rie0-VQAtnEeXhurYAeg,6
Wood and Shop,UCUn4DVVtJ_vfV_KzgVmZBog,6
Atlas Obscura,UCKnEAhIjPrJs1iTIhonzHwQ,5
BedBananas,UCNMSCL9rDJJez6mP5gSpAPQ,5
Bobby Fingers,UCXKCiTquPMavBqgXgrM9mBg,5
Bro Builds,UC9E4ND7dNLR3MWcqO_6m65g,5
CHUPPL,UCizJl3TxBunh-LzpwyPYg0w,5
Cinema Mechanics,UCi0-VPFs_We2cdTA92RJUYQ,5
CodeAesthetic,UCaSCt8s_4nfkRglWCvNSDrg,5
ContraPointsLive,UCGh4KSR8TZZlyq3qQDBsBLA,5
DIY Perks,UCUQo7nzH1sXVpzL92VesANw,5
David's Woodturning,UCpVs8ZCbj788PiDufqENRKA,5
DevsOperative,UCkV39bPkx8CgXyj2P-SqkSw,5
Engineering Spare Time,UCyKi_yIXhdQ4pJd4J3zqsDA,5
FloweringElbow,UCH8Mfe53uNI2FWg0B2DsswQ,5
Fortress Fine Woodworks,UCfEtJTmXkiVm5lqYtqNbO6w,5
Get to the Point,UC5QwiFXqCNNwy-WP1MqZ2Og,5
HAXMAN,UCgFkhHePN1RqdTRsBFSvAVQ,5
Hummel Concrete,UCjZwPbC8zbDO7eACKj0slZA,5
Ian Neves - Hist√≥ria P√∫blica,UCcoxGCRGcq6FhHbEvr2y9Vg,5
Karly the Sparky,UCEKpFsXxdgr6rFz6GS_rvZw,5
Lumberjack Hardwood,UCZOAXnnIuglz3RlijWP1tRA,5
Make it Extreme Shorts,UCLSowz-nL0OrJyYmR2crWPg,5
Micro House Scotland,UCB645S_stNJ9BhTIKcbwNeQ,5
Mom Can Fix It,UCMyMSz6f-mYp8u6FN0AuAIA,5
Not Terrible Restorations,UClN4WzXIXAbmxjnfZ7EOoeg,5
Once in a Six Side,UCcF_kP0RMUjTsUYbuC4oCiQ,5
Parallel Pipes,UC65IEk6PTfRZzyvrcYypHQg,5
Phil Vandelay,UCchU2gYo5UunA6uh6JVOd9A,5
Robinson Foundry,UC6hWqs5McXbV1WPitfZK_PQ,5
Salim Benbouziyane,UC2eBMUTYqZSLrRJ1EBwJv-A,5
Sam Wilkinson,UCh6WZke1FfWu2V0xLh0idzw,5
SeanHodgins,UCE-bw6PRKuDlH6fP1mP4nOw,5
The Spiffing Brit,UCRHXUZ0BxbkU2MYZgsuFgkQ,5
TheKiwiGrower,UCmmjFuqCiWeRNgllAnj3QHA,5
Tweag,UCI1Z201n-8OelkSg0DVOsng,5
UnitOfTime,UCrcOrUcsMYRMqTfAy-IG0rg,5
Uptime Industries,UChD4brxh9TQUQpoq-9UX6yw,5
Weird Place,UCZ7lTa1z5BDG-nkAoAodVKQ,5
Wood By Wright ASMR,UCbMtJOly6TpO5MQQnNwkCHg,5
WoodcraftBySuman,UCJNY2_y5nPoghlAO6FPxHfg,5
Woodshop Mike,UCw5hhw80LKscgp8ns9lbhMg,5
Woodworkers Source,UCazwbNF0GGeGqfd5ZZcU5HA,5
Your Dinosaurs Are Wrong,UCmVa-cbCpkd5Cd9Fr_4tCWg,5
Zee Bashew,UCCXR2kCo7Lcw_BKwWxo09kw,5
edinho   carpinteiro,UCvoahKtTLnn0_udIHPUuWwg,5
scottbez1,UCzxBfc2Axi-Why6UwpFDn4w,5
wolfcrow,UC7gBcKzHKc0oOR5-XiWdlFQ,5
A Canadian Woodworker,UCgm6ByNSfMKBGLThXqInXwA,4
Adam in Wales - Board Game Design,UCTpG3S4CpZKMWeE8MrgKnhA,4
Aidin Robbins,UCcOTVI8YJJud1A6aRYrV4sg,4
Biped Potato,UC4BRTi6PhJxJPG8bqWauCiA,4
Bruce A. Ulrich,UCT-RzkjXz46GrO94QqDzg_w,4
BubsBuilds,UCBw7Ozk6B4-ZzrmFzbqmz9g,4
CBC Docs,UCsEbwT3FHpAey6prlu7tNhw,4
ChessPage1,UCO2QPmnJFjdvJ6ch-pe27dQ,4
Chris Doel,UClprs057uPe_PRcDcahE9_g,4
ChromaLock,UCu-cHa2_84GJOfF0SCEEB5g,4
ContraPoints,UCNvsIonJdJ5E4EXMa65VYpA,4
Copenhagen Suborbitals,UCPzFMJIsp2fOQ_ic5a_zXTA,4
Corporis,UCSriLWQC2J6wNeWXOGlIV4w,4
Cosador,UCDjxgI2zmHDgCwPEU_nIISA,4
Creel,UCq7dxy_qYNEBcHqQVCbc20w,4
Eng Etc e Tal,UCK9TaSKXfiY_Ck-WDOPavfw,4
FCB Lounge,UCgBktyHZeqF3SkU0SdcxmFA,4
HHG drums,UCz-nk0DB7DTiNPeS5xWWhyg,4
Helpful Edits: Comedy,UCViTC3_79g7R7E8ITznSS1Q,4
HomeRewire ‚Ñ¢ - Rewiring Glasgow & Edinburgh,UCYoINMD1f0x9inc8qKRwpwQ,4
Homegrown Handgathered,UCCubeOA4BR9fAUhLPduri9w,4
How to Teach,UCTn9jf0SJJUozoRGgH5DyEg,4
Jersey Jack Pinball,UC-gVu4h9_0Do2wOIlW84Z1w,4
Joe Spins the Globe,UCXKmnJwSdPS6q-LJt-4acqA,4
Junksaw,UCcsH6xPzoV8mzQHYEJTCcRQ,4
Lewis Potts,UCVbsexWle5YAVTQHK3KdPPQ,4
Massoyan Jewelers,UCX_kOlX9HLzihXlCkrZnmvA,4
Matt and Tom,UCRUULstZRWS1lDvJBzHnkXA,4
Mr. Volt,UCvOOv9tfBMSzcXnDkgzMufA,4
OpenAI,UCXZCJLdBC09xxGZ6gcdrc6A,4
POUSE around the HOUSE,UCbrJ_0undEHUU2HA2YIGLVQ,4
Paper Will,UCPwuva5LbnwFTetkP_cUQHA,4
Personal Swimming,UCGjJgPbRx2pbfg0rr-jzlqg,4
Pneumatic Addict,UCD02RAib9K0kob8UMWwLMSA,4
Quality Culture,UCaCG7kHt515g73gjM77i6Xw,4
Shaun Boyd Made This,UC9Lfb5wvuqFXaEiEJtJYAYg,4
Shoyan Japanese Carpenter,UCdf5QHEpfrg3KydeT3iD2IQ,4
Steak Bentley,UCliK3gZpX4d6vPVv9D7OTfg,4
Storytellers,UCbphDfwSJmxk1Ny_3Oicrng,4
The Movie Rabbit Hole,UCB6ZABC2cArGjau4AyBMqVg,4
Thomas Frank,UCG-KntY7aVnIGXYEBQvmBAQ,4
TierZoo,UCHsRtomD4twRf5WVHHk-cMw,4
TyDa Space,UCdv7TrVZkF8moBThlFQbbmw,4
U.S. Masters Swimming,UCieORPCvi3T59wtqHLvbeww,4
Weaver Leather Supply,UCScnA5JERdAylMaEE3c-87Q,4
YUGOPNIK,UCs8mbJ-M142ZskR5VR0gBig,4
b2studios,UCIcGc8tDHYZ3vY3NcS8JXaQ,4
cookingWITHfred,UCJFGFsECyWh0iHRVW2QQSkA,4
prestongoes,UCI3yTtc0kShZ-S_Qsd5VTSQ,4
3D Printy,UC-gyf8xqFLLDQJQSSodRkcA,3
ARTiculations,UC09un3HxINkfdGjHvE1kXgw,3
Adam D,UCde9GuHm4FihKsYXVkGY6JA,3
Adam Neely,UCnkp4xDOwqqJD7sSM3xdUiQ,3
Akademia Szermierzy,UCRdamEq6Ij0pRzr3xZDobjw,3
AllFlavor Workshop,UCq8aeD4zMXv8OzsF_DonjCQ,3
ArTorr,UCHSU2msiHiOExWWdsIZ8omw,3
Bear Mountain Builds,UCFvz0E5-GOMZgsqM8fWgFdw,3
Blue Paw Print,UCtKPoOleoyj9dlI0tw4AZeg,3
Boosted Lifestyle,UCkcoapTJt7U0A5gZHogsSAA,3
Bright Sun Travels,UCHudN_9O_OD5KQIueahpYvg,3
Brothers Make,UC0A0TIq-WDyKZcGcOt5WpPA,3
Budget Nerd,UCYcJN7r9vsKhajdJtMjgvjw,3
CIVIL ENGINEERING BY CTCIVIL,UCnZc5-l-qeELlbcFbggfnXw,3
CS Ghost Animation,UC1rf511TyJlFICTvOZhHo1w,3
Calum on Raasay,UCt4ohYf50xMRn7ZmzG9Lgag,3
Catspaw Customs,UCbpnMJvuqeTyrcMB1-jwhCA,3
Chloe Sutton,UCGtUD7p3_FJHCYKLlAAXrvg,3
Code Bullet,UC0e3QhIYukixgh5VVpKHH9Q,3
CommCon,UCe_eAP4ToqFLSxzvkTlNzUQ,3
Craftswright,UCcgHUg4WmbVTC5QBOc68AJg,3
Croaky Oak,UCGEPj_GxmjICn5kxCO3sD-A,3
Dave Fogler at the Cinodrome,UCydaUi9uY9LuCZ97qHfpzhQ,3
Denver Beam,UCgJPZEtZFI71WJTjHbD2s0Q,3
Doktor Blutwurst,UCXoEyHfICxI_jNUEw2VwdRA,3
Domain-Driven Design Europe,UC3PGn-hQdbtRiqxZK9XBGqQ,3
Dreams of Autonomy,UCEEVcDuBRDiwxfXAgQjLGug,3
Drew Builds Stuff,UC073quTeFarhKNe8ZuC6Qig,3
EIGA,UCv8DWjBD7B82I7vcnLciN0Q,3
Eigen Designs,UCzrTUwE76hHl_VEXvN_pDyQ,3
Eric Welander,UCAPeu_wnvIB5AkQ-xnkLOJA,3
Everyday Food,UCl0kP-Cfe-GGic7Ilnk-u_Q,3
Felipe Lee,UC2Id1wkF3bPWy9J8dX1Yw3Q,3
Fungineering,UC96I4CS9vNy5zug3oJnwu-w,3
GamesWithGabe,UCQP4qSCj1eHMHisDDR4iPzw,3
Garage Sofa Games,UCBPyifWA0o8Zp3MMUhxZvjA,3
Geoff Marshall,UCd18OhMfRmjMjzSHP7Zrzmw,3
Hands On Katie,UCLqQ5m7AXj_oyUvLZPsts0Q,3
Hazell Nutz,UCqZtgaoxfGKBVk9NazBuaow,3
Illusive Automation,UCIwG2A6AjLnBC8uBmKRzLiA,3
JamieDev,UC-JTtk2nEdWPZTUDOPwEYbg,3
Konnected,UCMxqz5xCWYKtuhRPJQSyV4w,3
KrisFix-Germany,UCqTJrxxpJXfB4LB_NzNxbPA,3
LowSpecGamer,UCQkd05iAYed2-LOmhjzDG6g,3
M9 Workshop,UCHWkGLvZRYsjEHvFXLFhnlQ,3
Marcenaria Fa√ßa Voc√™ Mesmo,UCX7jDLmmoImKnMubL995P1A,3
Michael Rechtin,UCHS55yDvORmCpbM_3vNQQsQ,3
Mischa van den Burg,UCDAck-gFPTrgTx_qp59-bQA,3
Mr. Matt Woodworks,UCOmxPvBZSjsuIxZu82fkO5w,3
Mythbusters for the Impatient,UC4jQKUYBPfWykCAjQyHfeDQ,3
NeilCicieregaMusic,UCIOqgcoAGI2fycb89gPXMPA,3
Philosophy Tube,UC2PA-AKmVpU6NKCGtZq_rKQ,3
Physics for the Birds,UCeXksuVW8H1x9v4gh7DWoyQ,3
Quinton Reviews,UCM0V8r4kuIWIl6Sy-NHj2lg,3
Righteous Robot,UC5qFBTCSYO6Pc69bZk9CmfQ,3
Sensible Socialist,UCp7821cfb4vIBCoiBO-lxsg,3
Ser Justin,UC6QHyrf2ZmkxER0QwZ1ARtg,3
Stefan Gotteswinter,UCY8gSLTqvs38bR9X061jFWw,3
Steven.Woodward,UCUYnHl-hSxtI2evZhTWuZLg,3
Stuff Made Here 2,UCNlBbEpwffgWefkbRm73xxQ,3
Super VHS,UCZkY3NIeZfiY5vuwuZT5tLw,3
Taylor's Trick-Taking Table,UCGeRFP9_y9lA14zUZZbBf5Q,3
The Technical Difficulties,UCO-zhhas4n_kAPHaeLe1qnQ,3
Then & Now,UCkS_HP3m9NXOgswVAKbMeJQ,3
Tieran Freedman,UC5JY_-lwYHTyPfBy3Q8ungQ,3
Wood Nerds,UC1AkuPnrgrp2qqC7_udTS6A,3
Works By Design,UC0G7e3uCtTyKQy2vZbRaKxg,3
Yarmles,UC4lvxOWoEdFDwCaL6fDc49A,3
Yesterworld Entertainment,UCmOy2-vrvwDh6O1bTUB5m_g,3
Zebra Zone,UC6PIKnoGw7rJnND6_jdoo5w,3
allen's lab,UCUVzyC4knaI7IHeMKyRaDYw,3
byte sized engineering,UCtVgFluK-MmGpQoE7VCxa6w,3
maker.moekoe,UCo8axZ01Hwn1i0q1D0gMF_A,3
scratchbuilt designs,UCv3sBi6yj4XT5HoG7c162gw,3
3Blue1Brown,UCYO_jab_esuFRV4b17AJtAw,2
7 Day Swimmer - Tutorials,UCByEGVTcROtzxB1Dng8KR4w,2
Action BOX,UCHrFvnP1EEEZHNam_Nk_5rQ,2
Air Command Rockets,UCqOcPn8fVKqyxz9K0H6LQpg,2
Ana White,UC8oVoLGDj2spRfZfxgf54tw,2
Andy Julow,UCSKeK_8IzsqwKQBJuIGJPaA,2
Ars Technica,UCCDU1fsmgvWljcW2aodfJsA,2
BM Sculptures,UCixibRupM6mH3kuZQeLvpgA,2
Because Science,UCvG04Y09q0HExnIjdgaqcDQ,2
Burls Art,UCA9U3lyRLUyy0ni4XBw-Qdg,2
CNLohr,UCG7yIWtVwcENg_ZS-nahg5g,2
"Cafe Ex Machina, Kokkola",UCqc3qHGmsMKeFWF7wcFJyrA,2
Cranktown City,UCQ3KKU5-uaoLyKnGVzv1XNw,2
DAVID LYNCH THEATER,UCDLD_zxiuyh1IMasq9nbjrA,2
Derek From Malden,UC3eZZx-f8okUBCrt7bityFg,2
Devnul,UC7dhL8enALoQTlGdXWurBOQ,2
Dictionary of Obscure Sorrows,UCDetdM5XDZD1xrQHDPgEg5w,2
Dr. Jorge S. Diaz,UCEInGSUWzF2pB1REfRbZgmw,2
Excessive Overkill,UCwbyKKmjVdCpWzZZY-WnajA,2
Ferreto Engenharia,UCbLxHnIOlTWaAbf89kuVU8g,2
Five by Five Takes,UCC2Bw649-AJJWJDX74f85qg,2
Frank's Workbench,UCK-RcAfd3rmUG1NdEnkT-kQ,2
Fun Fun Function,UCO1cgjhGzsSYb1rsB4bFe4Q,2
Grant Sanderson,UC78Ib99EBhMN3NemVjYm3Ig,2
Gridlessness,UClt1rDdFd-VUX8VXmWummSQ,2
Gunnar Deatherage,UCzZIOm9qU-yXukOYRSTlPvA,2
How to make armor. ArmorySmith,UChHpGHPbuzudE6hZ-zlPn6g,2
I Build Stuff,UCvPX16dsLkRAzvGZKFiOl2Q,2
ISHITANI FURNITURE,UC7FkqjV8SU5I8FCHXQSQe9Q,2
JALI Research Inc,UC81KXmByEJbkl6BoxnQYlzg,2
John Kuiphoff,UCcULRf5ys_TV9x1my9lRXuA,2
Konstantin Bogdanov,UChqNzKbJQmeVmiYCAfRKHdA,2
Kris DeVo,UCgN2s2Uhqy76wy9ohC4WXdQ,2
LambdaConf,UCEtohQeDqMSebi2yvLMUItg,2
Levi Janssen,UCtKfv-cquuKDFje61-B6oeQ,2
Local Bytes,UCfbRl1KzQc4yEFAzpnkOLFQ,2
MR A BUILDERS,UCpzv4k_PjwyCiUU5kXq_MfQ,2
Movie Musical Mania,UC3URb-k6D55tGJ_rZm53lCA,2
Ninjas da Constru√ß√£o,UCD8SSxhXiQRhudlRECoiMdQ,2
Noam A,UCNbC3in6YO2TqbQaeqb1c6w,2
NorthSummitStudio,UCi_HCTi-8-fnvrmiPp0YKiQ,2
Oats Studios,UCD4ZEYIBnHIC2DUhiizMOHg,2
Open Options,UC-bvC74gWcgwSm2SNKebYlQ,2
Pailin's Kitchen,UC27C_HWo-UmKkdWGsRJZ8EA,2
Perkins Roofing Corp.,UChJZpBYXOuR0j1EHJugv5hg,2
Plascon Plastics,UClJAMn3Pmd1ja3sDF9M-Ssg,2
Primer,UCKzJFdi57J53Vr_BkTfN3uQ,2
ProtoCooks with Chef Frank,UC368WO9e4BWuPYAeSIuaUsg,2
Quentyn Taylor,UCL91C3IZDv3wfj2ABhdRIrw,2
Rainfall Projects,UCPO4D4-UeeFQceK8XrgwXug,2
Robert Miles AI Safety,UCLB7AzTwc6VFZrBsO2ucBMg,2
Sebastian Lague,UCmtyQOKKmrMVaKuRXz02jbQ,2
Shara Woodshop Diaries,UCu75kgyGR3SqYfFTu4F0XLg,2
Starr Woodworks,UCw2yGi6rSAEciIywXyCZwbA,2
Story Mode,UCXDIl5ElYimqmasGFGmp7Eg,2
Studio Flow,UC9dIabKnlWdspHH0BlJc3Vw,2
Tales from Elsewhere,UCOfGC1XvFR4YBAu69Vsc9sw,2
The Science Asylum,UCXgNowiGxwwnLeQ7DXTwXPg,2
The Tarnished Archaeologist,UCcIpxEgQbZSJNe20jbyKJFQ,2
Tom Explores Los Angeles,UCqXj1l54mZYnYMb69lUeRSg,2
Travis Mitchell,UCxeCTSIOz_KV1ZnRQKfXJCQ,2
Tu Carpinter√≠a y T√∫,UCulzaY9m1XA7OSTvPfyXTFA,2
Up and Atom,UCSIvk78tK2TiviLQn4fSHaw,2
UpIsNotJump2,UCTsAy9QEIpcMA4oPsMqHE7w,2
Weld Coach,UCSmhSFZLW6tZMyy3P-FFMfw,2
Wesley Kagan,UCy-IytMjnUY6_bAxD7yuZ-w,2
Whitney Knitter,UC5tZUVl9MpER_jX7-SRF5Hg,2
Write the Docs,UCr019846MitZUEhc6apDdcQ,2
ZILA,UCDOevaNqzu45_EZm_BuT3Xw,2
bwulf,UCf2P-7U4sAUCgLFTGQu75FQ,2
create,UC_qfuHJ7Nz8C6g9ACTuAPEA,2
donoteat01,UCFdazs-6CNzSVv1J0a-qy4A,2
engineerguy,UC2bkHVIDjXS7sgrgjFtzOXQ,2
parillaworks,UCotJdR9rXL-jhkSe-nfVH8g,2
pratt ceramics,UCyPA86QVB2frBVy0QTFdNSg,2
A Minha Bancada,UCWepanEXsaUTmquMVIpeC6g,1
ADWOODS WORKSHOP,UCL0f_3ko-fNidoCjkwsMuvw,1
Alarm Techs NZ,UCYY4Jo3QTtae11UazZl3EOQ,1
AlzaboHD,UChjvn1FAS-NM-ZHquro2GZA,1
Building Small,UCOaahUEdd8HVcoPmGd0f08A,1
Cloth Map,UCs_6gVNVQOgq6MGDdt3h8HQ,1
CovaConcepts,UCNkabx2R1guY-gILL0b9YFg,1
Culinary Exploration,UCezJ2OMlEwVJ5tMitCYL6DQ,1
Deep Dive,UCFPGKw4jb7CJur6cHmIgI3Q,1
Distracted by Design,UCdafAPpZsMMQ4FWvq5minvw,1
Donald Feury (dak425),UCTHij3Ac5GizLsn5yB4IX_Q,1
Easy Composites Ltd,UC7F-suscQATns3qRYHpyijw,1
Ema Italian Maker,UCkzWSVSLum4_3zcLVyMN-dA,1
Erlang Solutions,UCKrD_GYN3iDpG_uMmADPzJQ,1
Extremities,UCTWKe1zATFV6d0o6oLS9sgw,1
GlassCast Resin,UCwLlH0V1F73FqOH7PMYCMwQ,1
Hayven Games,UCjVDQloX4cIpGqpM6mdyD2Q,1
How To Sand A Floor,UCFa0uFDT1tQBdBXhw__QsmA,1
Istio,UC-zVlo1F3mUbExQ96fABWcQ,1
Jacob Pradels,UCwEEjrUYHDyQsYPTQdNVacg,1
Kamil Skowron,UCyZar0X0FKFx1mfhSbT0AaQ,1
LaLaRC [ÎùºÎùºRC],UCwbV1lfgV-7ZamC-dyi6grA,1
Lachlan Evenson,UCC5NsnXM2lE6kKfJKdQgsRQ,1
Lets Weld Something,UCHNlp0SkVEuVVHNtAuRH8UA,1
Liqo,UCYbWJMfwy3P6xT4JI_K84xw,1
Ludodrome,UC1MeZc7EDv8IQfqkVlZ_gnA,1
Lumberjack Build,UCC8RsQD36N6u_EPhdiS5qqQ,1
Making It,UCnD5lTlF3_tMTs5br5LjXXg,1
Materia Millwork,UCpTGgI7Y2GduFvpzq3FVzsQ,1
Mike Zamansky,UCxkMDXQ5qzYOgXPRnOBrp1w,1
Milwaukee Brasil,UCMUjyLQdLQWakX4V5xh1AWg,1
Nic Jackson,UC2V1SxXFUa5YxVJvTsrCgyg,1
Olivier Gomis,UC3kU2wdJ-PDJ4wZ1se7yBzg,1
Peaked Interest,UCfc6gIAlLtPwRKjj6E2KqLA,1
Qiqi Impact,UCVdGtFtxmc5P1u0-S7nPc4g,1
Rabbit Hole,UChxOodn3PfsH16dT41b9V8w,1
Rattle Kings,UCySsIrJi5goJb64_1y2dfSA,1
Rings Workshop,UCq0J_cP95El0KIkFf53vWoQ,1
Roberto Muricy,UCXQ81K5xiIl5BKWvlFdUkOg,1
Rustunit,UC6I_iEkF4KIGDOEL1cdcocQ,1
SATANSGUIDE,UCbYS0vE3aSlIcZGNxq2ZkjQ,1
Scott Z. Walkinshaw,UCo6GWFO2jnZYGprja5R545g,1
Sergei Winitzki,UCWpjX-z6_oNZhcHPzAAQy6g,1
Slightly Left of Centre,UCL49vdU-wXNu7RlHCxgHnkw,1
Stranger Parts,UCpDy_c0Wwcxxm1abKECH8zA,1
The Sheet Metal Kid,UCcex5P2d5l-5J5rib5B_MgA,1
Tidal Effect,UCSwYlvNiRGDh-2VyMqPlXmw,1
Tom Fidgen,UCaWR_UvszqJ0xIJYXcep3_w,1
Tormod Gilje Rossavik,UCtZ6eLCvkTX55XwBNy5oSTQ,1
US Digital,UCE18NVixiLaz0itt9T84jCw,1
Verge Science,UCtxJFU9DgUhfr2J2bveCHkQ,1
Vsauce3,UCwmFOfFuvRPI112vR5DNnrA,1
Waldo's World,UC6xNwCtnpXrWdFzDqn3lupg,1
Walnut Workshop,UCk6FNfe7yppiCyYXzAzM2MA,1
We Love Welding,UCh3ghd5RymWW-nt1NKt8vUw,1
YOMI Learn,UCidh5bs9k4UNSUysTia6rmA,1
Yisrael Dov L,UCNqFXwI5gNcyxt2c1zTQAKw,1
agepbiz,UC9lrGtEV25byBEw1JW65G4A,1
bobby feeno,UCAB03M7mYqGLyxPHbmE0wYw,1
buildxyz,UCyk_Oy9yB4Ydp_R01VLQYVw,1
mitxela,UCeEf90AEmmxaQs5BUkHqR3Q,1
pocket83¬≤,UCZlSWjPEoVWaatAluWu3qWQ,1
